{"canvas":{"viewBox":[0,0,1000,700]},"parent":{"id":"academic","label":"Academic Papers","color":"#7B4FA8","value":10,"x":566.4731736777948,"y":526.1187007823931,"r":83.40448633662724,"openX":500,"openY":350,"openR":270,"transform":{"scale":3.23723593129341,"tx":-1333.8073119435696,"ty":-1353.1703622981695}},"cells":[{"id":"academic-arxiv-recursive","label":"AI/CS Papers","value":5,"color":"#7B4FA8","isUnknown":false,"hasChildren":false,"x":386.20194872198044,"y":312.7696396142189,"r":151.49522222537456,"index":0,"vy":-4.813921127028313e-7,"vx":-0.0000015560141589440984},{"id":"academic-pubmed","label":"Biomedical / PubMed","value":3,"color":"#7B4FA8","isUnknown":false,"hasChildren":false,"x":656.0446836168668,"y":312.7075681436629,"r":117.34769454177346,"index":1,"vy":-9.70340372429048e-7,"vx":0.0000025139288856659977},{"id":"academic-other","label":"Other Disciplines","value":2,"color":"#7B4FA8","isUnknown":false,"hasChildren":false,"x":550.4281027697488,"y":499.01454874895876,"r":95.81399137310923,"index":2,"vy":0.000002358685869737964,"vx":1.6648558877228262e-7}]}