{"canvas":{"viewBox":[0,0,1000,700]},"parent":{"id":"logic","label":"Code & Math","color":"#549E44","value":18,"x":663.1486622045252,"y":355.2714299002223,"r":111.89886064629054,"openX":500,"openY":350,"openR":270,"transform":{"scale":2.4128932005256347,"tx":-1100.1068979709698,"ty":-507.2320175472661}},"cells":[{"id":"logic-github","label":"Code (GitHub)","value":10,"color":"#549E44","isUnknown":false,"hasChildren":false,"x":399.2002234725612,"y":349.9999999995781,"r":165.39501058484583,"index":0,"vy":1.1216887180545684e-15,"vx":-0.0000012264575685714407},{"id":"logic-stackoverflow","label":"Stack Overflow","value":4,"color":"#549E44","isUnknown":false,"hasChildren":false,"x":670.2000686600624,"y":350.00000000071225,"r":104.60498941515412,"index":1,"vy":-6.546143383402704e-15,"vx":0.0000023795868373663515},{"id":"logic-arxiv-math","label":"arXiv Math/CS","value":2,"color":"#549E44","isUnknown":false,"hasChildren":false,"x":581.7993726578803,"y":506.3052367572065,"r":73.96689736140252,"index":2,"vy":0.0000029708941523838476,"vx":7.251794053709181e-7},{"id":"logic-mathoverflow","label":"MathOverflow","value":2,"color":"#549E44","isUnknown":false,"hasChildren":false,"x":581.7993726591885,"y":193.69476324347812,"r":73.96689736140252,"index":3,"vy":-0.0000029708941449142854,"vx":7.251794193180541e-7}]}