{"canvas":{"viewBox":[0,0,1000,700]},"parent":{"id":"legal","label":"Legal & Government","color":"#7A7065","value":4,"x":692.5965605029496,"y":192.26160697252615,"r":52.74962878002703,"openX":500,"openY":350,"openR":270,"transform":{"scale":5.118519433111765,"tx":-3045.068954240716,"ty":-634.0947715301716}},"cells":[{"id":"legal-freelaw","label":"Court Opinions","value":2,"color":"#7A7065","isUnknown":false,"hasChildren":false,"x":364.50011010976567,"y":349.9999999990735,"r":135,"index":0,"vy":-1.7536894286655537e-17,"vx":-0.000002564783700202686},{"id":"legal-patent","label":"Patents","value":2,"color":"#7A7065","isUnknown":false,"hasChildren":false,"x":635.4998898902343,"y":350.0000000009265,"r":135,"index":1,"vy":1.7536894286655537e-17,"vx":0.0000025647837002024012}]}