{"canvas":{"viewBox":[0,0,1000,700]},"parent":{"id":"wiki","label":"Wikipedia","color":"#2B8FA5","value":6,"x":427.6961213446559,"y":580.3835301229874,"r":64.60483731614826,"openX":500,"openY":350,"openR":270,"transform":{"scale":4.179253616547879,"tx":-1287.4505619131537,"ty":-2075.5699672513197}},"cells":[{"id":"wiki-english","label":"English Wikipedia","value":4,"color":"#2B8FA5","isUnknown":false,"hasChildren":false,"x":409.6667400731771,"y":349.9999999993825,"r":158.16233815926435,"index":0,"vy":-1.2078838122933582e-17,"vx":-0.0000016479971425829577},{"id":"wiki-tamil","label":"Other Languages","value":2,"color":"#2B8FA5","isUnknown":false,"hasChildren":false,"x":680.6665198536458,"y":350.00000000123504,"r":111.83766184073568,"index":1,"vy":2.298635051769773e-17,"vx":0.00000348157030814205}]}