{"canvas":{"viewBox":[0,0,1000,700]},"parent":{"id":"web","label":"The Web","color":"#3B6DB4","value":38,"x":387.6650419909094,"y":355.73232531175495,"r":162.58527515150698,"openX":500,"openY":350,"openR":270,"transform":{"scale":1.6606669930496312,"tx":-143.78253959350252,"ty":-240.75293100602528}},"cells":[{"id":"web-crawl","label":"Web Crawls","value":20,"color":"#3B6DB4","isUnknown":false,"hasChildren":false,"x":395.5032125307948,"y":304.19118482443366,"r":156.836631041537,"index":0,"vy":-6.20237204150659e-7,"vx":-0.0000014148542096547787},{"id":"web-news","label":"News Articles","value":9,"color":"#3B6DB4","isUnknown":false,"hasChildren":false,"x":658.5488697537576,"y":304.08363979488985,"r":105.20921051127911,"index":1,"vy":-0.000001147324376588316,"vx":0.000002366433703754567},{"id":"web-blog","label":"Blogs & Personal Sites","value":9,"color":"#3B6DB4","isUnknown":false,"hasChildren":false,"x":573.6662135111428,"y":497.7137272619241,"r":105.20921051127911,"index":2,"vy":0.0000025177656366380794,"vx":7.597486227279822e-7}]}