{"canvas":{"viewBox":[0,0,1000,700]},"parent":{"id":"synthetic","label":"Synthetic Data","color":"#1AAE9F","value":1,"x":344.6857891819533,"y":540.7662695877898,"r":26.374814390013515,"openX":500,"openY":350,"openR":270,"transform":{"scale":10.23703886622353,"tx":-3028.561820490586,"ty":-5185.845319312915}},"cells":[{"id":"synthetic-rstar","label":"Synthetic Reasoning","value":1,"color":"#1AAE9F","isUnknown":false,"hasChildren":false,"x":500,"y":350,"r":270,"index":0,"vy":0,"vx":0}]}