{"canvas":{"viewBox":[0,0,1000,700]},"parent":{"id":"forums","label":"Forums & Q&A","color":"#D94F35","value":8,"x":433.5597096322913,"y":122.01140729887071,"r":74.59924043086038,"openX":500,"openY":350,"openR":270,"transform":{"scale":3.6193398007884516,"tx":-1069.199913090436,"ty":-91.60074258701331}},"cells":[{"id":"forums-reddit-good","label":"Reddit (curated)","value":5,"color":"#D94F35","isUnknown":false,"hasChildren":false,"x":398.37508258232424,"y":349.9999999993054,"r":152.14724826199873,"index":0,"vy":-1.3494770853536965e-17,"vx":-0.000001876591721004396},{"id":"forums-stackoverflow","label":"StackExchange / Forums","value":3,"color":"#D94F35","isUnknown":false,"hasChildren":false,"x":669.374862362793,"y":350.00000000115773,"r":117.85275173800127,"index":1,"vy":2.1567187803282295e-17,"vx":0.000003252975695356271}]}