{"canvas":{"viewBox":[0,0,1000,700]},"parent":{"id":"books","label":"Books","color":"#C5782A","value":8,"x":564.3006986726007,"y":195.94610840824132,"r":74.59924043086038,"openX":500,"openY":350,"openR":270,"transform":{"scale":3.6193398007884516,"tx":-1542.3959783184746,"ty":-359.1955489715565}},"cells":[{"id":"books-gutenberg","label":"Public Domain","value":3,"color":"#C5782A","isUnknown":false,"hasChildren":false,"x":330.62513763720705,"y":349.99999999884227,"r":117.85275173800127,"index":0,"vy":-2.1541315785443866e-17,"vx":-0.0000032529756865831616},{"id":"books-books3","label":"Copyrighted Books","value":5,"color":"#C5782A","isUnknown":false,"hasChildren":false,"x":601.6249174176758,"y":350.0000000006947,"r":152.14724826199873,"index":1,"vy":1.3521707930907715e-17,"vx":0.0000018765917157303106}]}