{"canvas":{"viewBox":[0,0,1000,700]},"parent":{"id":"unknown","label":"Unknown","color":"#1C1C1C","value":1,"x":532.8874332281969,"y":98.93116743676848,"r":26.374814390013515,"openX":500,"openY":350,"openR":270,"transform":{"scale":10.23703886622353,"tx":-4955.189365279148,"ty":-662.7622061310666}},"cells":[{"id":"unknown-proprietary","label":"Proprietary / Undisclosed","value":1,"color":"#1C1C1C","isUnknown":true,"hasChildren":false,"x":500,"y":350,"r":270,"index":0,"vy":0,"vx":0}]}