{"canvas":{"viewBox":[0,0,1000,700]},"parent":{"id":"transcripts","label":"Transcripts","color":"#B84A8C","value":2,"x":328.6450478224939,"y":163.71327484774048,"r":37.29962021543019,"openX":500,"openY":350,"openR":270,"transform":{"scale":7.238679601576903,"tx":-1878.9562038319523,"ty":-835.0679431476922}},"cells":[{"id":"transcripts-youtube","label":"YouTube Captions","value":1.2,"color":"#B84A8C","isUnknown":false,"hasChildren":false,"x":391.60008808781254,"y":349.999999999259,"r":148.63776944854192,"index":0,"vy":-1.4277496812453214e-17,"vx":-0.0000020140159600435006},{"id":"transcripts-opensubs","label":"Subtitles","value":0.8,"color":"#B84A8C","isUnknown":false,"hasChildren":false,"x":662.5998678682812,"y":350.00000000111146,"r":121.3622305514581,"index":1,"vy":2.078661249567987e-17,"vx":0.0000031155514273055993}]}