{"canvas":{"viewBox":[0,0,1000,700]},"parent":{"id":"multilingual","label":"Multilingual","color":"#C8A020","value":4,"x":703.2527983280065,"y":515.9917927801035,"r":52.74962878002703,"openX":500,"openY":350,"openR":270,"transform":{"scale":5.118519433111765,"tx":-3099.6131146321304,"ty":-2291.114018671139}},"cells":[{"id":"multilingual-europarl","label":"Europarl / EU Docs","value":2,"color":"#C8A020","isUnknown":false,"hasChildren":false,"x":364.50011010976567,"y":349.9999999990735,"r":135,"index":0,"vy":-1.7536894286655537e-17,"vx":-0.000002564783700202686},{"id":"multilingual-cc100","label":"CC-100 / Other","value":2,"color":"#C8A020","isUnknown":false,"hasChildren":false,"x":635.4998898902343,"y":350.0000000009265,"r":135,"index":1,"vy":1.7536894286655537e-17,"vx":0.0000025647837002024012}]}